Name,BillingStreet,ShippingStreet,Phone
Sanderson,54935 Little Fleur Junction,1992 Elmside Circle,455-539-8842
Becki,89 Spohn Hill,3397 Fremont Lane,986-915-9288
Jacqueline,10 Park Meadow Place,58 Ridgeview Place,856-153-5205
Evangelia,46793 Mitchell Junction,14600 Pine View Parkway,435-947-9058
Kirsti,1 Comanche Pass,88 Sutteridge Lane,276-944-5401
Gunther,04541 Warner Circle,184 Harbort Trail,297-321-7985
Sephira,14 Delaware Avenue,8 Jenna Terrace,500-185-0024
Manya,15 Maple Junction,39 Ruskin Place,190-850-8659
Leland,426 Pierstorff Avenue,46612 Dunning Lane,133-373-1729
Nicole,946 Prentice Pass,61 Hintze Lane,484-610-3431
Alexa,43950 Mccormick Park,35709 Oneill Junction,529-678-7165
Fonzie,791 Bayside Avenue,290 Harper Pass,615-708-4574
Tina,90 Farwell Hill,70 Thompson Park,635-207-6334
Bat,99435 Sommers Circle,61 Donald Plaza,975-714-4078
Jemima,01224 Eagan Place,35 Rigney Trail,889-572-8758
Brynna,8 Schlimgen Place,59 Moose Circle,728-553-2146
Leese,00 Messerschmidt Lane,8210 Brickson Park Crossing,272-491-1669
Cristine,4999 Anniversary Center,92651 Shasta Trail,627-848-5752
Adelbert,30143 Menomonie Park,2887 Stang Way,857-570-1646
Moss,99 Summer Ridge Junction,373 Larry Center,982-677-4608
Clyde,95 Carey Hill,99 Monument Center,743-223-5930
Penni,44957 Lien Road,35461 Oriole Terrace,607-841-6407
Vilhelmina,6 Cottonwood Junction,9615 Derek Hill,565-105-3033
Aland,31527 Harbort Street,01154 Forest Hill,925-171-1054
Marlene,98 Bowman Plaza,05729 Vermont Terrace,909-402-2207
Joyous,66731 Buena Vista Circle,201 Toban Drive,167-489-2464
Elsy,42 Veith Place,386 Granby Court,107-303-7671
Giorgi,83 Montana Circle,38104 Norway Maple Drive,507-797-1205
Aldrich,8 Farmco Park,16 Pennsylvania Center,491-388-5527
Cobb,78 Bluestem Place,4108 Division Alley,554-749-9824
Kissie,99434 Montana Point,0 8th Avenue,844-570-9125
Bob,4 Lakeland Circle,5 Grasskamp Junction,956-480-7929
Kyla,8 Mcguire Point,0 Caliangt Parkway,531-550-3145
Jaquenetta,044 Corscot Avenue,4 Village Trail,670-206-2605
Averil,519 Stoughton Circle,2513 Melrose Place,813-678-0914
Kenton,11 Warbler Hill,3 Pond Street,382-680-5693
Lindsay,88 Schmedeman Plaza,7580 Bay Lane,884-280-2302
Afton,79763 Pearson Pass,0484 Coleman Street,404-342-5418
Falkner,021 Hoepker Court,495 Golden Leaf Court,900-229-1851
Violette,6 Anniversary Alley,95 Thompson Circle,981-405-7186
Ileana,2286 Garrison Avenue,4 Meadow Valley Pass,422-800-8201
Beatrisa,63618 Ridge Oak Way,9270 Springs Court,904-635-4381
Phyllys,5572 Aberg Lane,637 Luster Pass,619-269-3609
Elfie,81253 Artisan Park,03 Scoville Trail,610-881-7359
Locke,31 Jay Court,93447 Cherokee Circle,788-939-9296
Lind,35315 Holy Cross Way,998 Fordem Alley,979-871-8796
Donnie,0 Elmside Drive,7 Green Ridge Terrace,965-216-9591
Darsey,922 Riverside Circle,0300 Pennsylvania Court,425-248-2943
Rosemaria,40 Huxley Junction,6460 Clyde Gallagher Trail,165-946-7852
Sherrie,4 Harbort Center,701 Basil Junction,281-289-4697
Timofei,069 Everett Point,922 Pearson Alley,771-378-3648
Logan,75617 Stephen Circle,72 Scoville Junction,895-623-0518
Selma,56 Dixon Junction,7 Corscot Court,747-881-0654
Garrek,7 Hauk Trail,7 Canary Park,382-515-2208
Anthe,4 Farragut Alley,0 Schmedeman Circle,289-100-9650
Major,0138 Spohn Point,66826 International Lane,731-777-3273
Urbain,5623 Mcbride Terrace,766 Fremont Park,589-931-3531
Seth,7 Pine View Trail,69252 Miller Way,107-206-1352
Ardyth,9130 Sunnyside Hill,348 Vera Crossing,430-279-2853
Cyrillus,1536 Sage Crossing,993 Prairieview Crossing,842-524-2194
Thayne,53 Hintze Lane,6249 Carpenter Drive,197-377-8647
Muriel,58 Hermina Plaza,988 Memorial Crossing,109-502-7724
Gregorio,261 Orin Place,74625 Sommers Park,546-170-9899
Marleen,19 Harbort Parkway,002 Morning Pass,494-707-8294
Sissie,4017 Steensland Hill,183 Mariners Cove Way,919-830-9527
Prudy,3077 Scofield Pass,110 Bashford Hill,617-752-6576
Jessamyn,68 Ryan Hill,735 Blackbird Pass,230-225-4326
Lucien,5 Surrey Circle,0 Dapin Place,173-573-9472
Verine,4 Milwaukee Drive,808 Johnson Pass,728-554-7989
Frants,942 Caliangt Junction,0 Namekagon Alley,235-923-7520
Monroe,128 Victoria Place,76 Mallory Alley,323-925-2717
Timofei,66546 Debs Street,0 Twin Pines Hill,101-396-6636
Susie,48630 Green Ridge Circle,08 Scoville Circle,516-907-0879
Marven,6 Novick Parkway,418 Morningstar Park,215-696-7738
Gustie,643 Blue Bill Park Drive,2 Scott Street,110-584-8952
Karyl,1420 Anhalt Plaza,191 Fordem Crossing,800-778-7202
Giulietta,6772 Namekagon Way,92237 4th Road,559-760-6695
Dacey,73 Continental Alley,49589 Mallory Center,912-893-3896
Lusa,257 Arapahoe Parkway,16 Columbus Circle,344-898-9832
Leslie,34 Brentwood Circle,9444 Bowman Road,844-441-3594
Alidia,5 Holy Cross Avenue,41 Cambridge Place,751-572-5622
Stefania,5121 Victoria Court,540 Melby Trail,883-823-4822
Lenard,0399 Loeprich Hill,459 Farmco Crossing,274-656-4925
Elisha,04436 Bashford Circle,8926 Ridge Oak Circle,822-669-7254
Berkly,3936 Lunder Way,5356 Schurz Hill,790-204-6720
Letti,257 Havey Avenue,315 Carpenter Point,541-435-7566
Georgetta,5 Crest Line Way,1886 Summit Avenue,746-302-7043
Kristin,398 Anniversary Trail,7601 Homewood Place,158-388-9649
Harwilll,71840 Hoepker Road,97 Gale Park,867-656-9809
Shir,4 Bobwhite Crossing,517 Bay Avenue,264-435-1683
Yves,2989 Cambridge Center,83927 Milwaukee Park,693-364-9890
Pietro,0932 Elmside Lane,7611 Anzinger Drive,945-255-9893
Una,53285 Marquette Park,86 Upham Alley,961-971-3603
Klemens,8470 Fordem Park,53 Lien Park,253-349-6029
Josiah,6516 Lighthouse Bay Lane,18 Nova Place,702-783-5828
Pedro,96937 Schmedeman Junction,9839 Spohn Crossing,173-918-7630
Ebenezer,1 Union Crossing,34 Crowley Avenue,577-305-3412
Row,8 Emmet Way,7 Portage Alley,422-570-1842
Sanderson,0 Susan Pass,28 Dennis Place,855-652-3918
Nicolina,320 Mayfield Center,1 Comanche Place,936-229-4240
Freedman,53 Debra Street,8 Loeprich Junction,988-420-1926
Dukey,5504 Hooker Alley,54 Reinke Point,105-190-4919
Barbabas,30534 Corben Lane,96301 Coolidge Street,265-102-4753
Edwina,3886 Texas Hill,994 Drewry Lane,542-338-8166
Mendie,1 Monterey Alley,0960 Division Trail,363-518-4117
Roldan,0022 Talmadge Junction,7236 Lake View Lane,997-278-3904
Rafaellle,78 Glendale Lane,32614 Daystar Plaza,427-778-1403
Madison,3429 Gale Road,052 Elka Pass,818-580-1511
Rooney,64565 Walton Court,450 Green Ridge Circle,952-973-6002
Kimberlyn,9442 Jenna Plaza,4641 Badeau Avenue,753-927-8014
Remington,02 Londonderry Park,708 Butternut Crossing,881-858-5462
Abraham,397 Warbler Trail,4 Amoth Drive,430-974-2508
Josefina,33 Golf View Way,262 Susan Place,859-154-0238
Alvinia,864 Ruskin Lane,28 West Trail,478-977-7517
Carmine,90650 Kennedy Lane,252 Green Trail,321-672-5505
Rosalinde,88231 Stang Crossing,6 Di Loreto Point,400-884-0007
Hanson,558 Village Green Avenue,126 Toban Circle,316-335-8018
Bernie,49552 Jay Point,0 Farwell Hill,918-358-7173
Ade,6297 Waxwing Drive,1 Dapin Hill,964-301-2671
Mohandas,6 Forster Plaza,7 Old Shore Point,197-817-4214
Cairistiona,15098 Dunning Place,15 Graceland Plaza,146-274-3071
Onfroi,2489 Hallows Parkway,291 Anthes Hill,213-501-0917
Conn,1 Milwaukee Lane,704 Pawling Court,693-272-9304
Tabbie,6096 Fallview Trail,61765 Londonderry Hill,209-358-1048
Tatum,2 Butterfield Crossing,70949 Helena Terrace,310-380-2912
Richardo,81 Badeau Alley,853 Canary Junction,739-142-7819
Darlene,9 Duke Center,63497 Bobwhite Road,735-307-1531
Judy,38 Algoma Way,1999 Bobwhite Circle,331-451-4130
Forster,2525 Hansons Street,1 Del Sol Avenue,616-583-4240
Roshelle,28 Dapin Crossing,0 Lakewood Place,407-532-1964
Rozamond,2 Dayton Lane,34857 Saint Paul Terrace,668-193-9061
Shurwood,655 Raven Park,2723 Saint Paul Park,877-113-0291
Prue,92374 Kedzie Center,8392 Prentice Hill,714-203-8165
Elvyn,778 Bluestem Parkway,23304 Meadow Valley Place,357-234-6585
Kori,8169 Homewood Drive,3309 Erie Place,244-622-3157
Arri,259 Hovde Plaza,7 Bunker Hill Way,757-745-9606
Arch,44155 Troy Center,439 Walton Terrace,997-368-8122
Cyndia,0157 Magdeline Way,508 Pawling Drive,856-779-7813
Caz,87669 Cherokee Hill,7 Westend Center,760-389-8719
Baxie,0 Elmside Court,78 Sutherland Park,166-810-1766
Shay,523 Blaine Drive,50721 Prairieview Pass,398-477-1491
Hebert,715 Holy Cross Center,8672 Prairieview Park,224-571-0824
Darb,01 Independence Crossing,8 Stuart Court,302-848-2001
Maura,4 Washington Park,430 Heffernan Court,358-540-8025
Samara,6 Moose Park,3 Melby Place,747-843-4802
Ferrell,99 Reinke Hill,45386 Raven Hill,821-936-8975
Lyndel,246 Hoepker Plaza,6256 Jay Drive,482-223-6968
Josias,25 Harbort Plaza,3 Ridgeview Plaza,328-370-8165
Gard,6 Manley Court,8533 Chive Road,233-601-3149
Kylen,6460 Portage Circle,1 Fieldstone Crossing,795-557-8470
Dori,63759 Ruskin Street,1 Walton Junction,820-534-9630
Rafaelia,549 Atwood Trail,6645 Birchwood Parkway,616-759-7018
Olga,75 Graceland Point,07310 Dexter Park,841-357-7827
Gypsy,3677 Derek Way,0 Transport Drive,952-520-2298
Avigdor,754 Lotheville Point,225 Corry Road,112-540-4059
Abbott,4 Eastlawn Parkway,983 Amoth Way,266-407-6212
Reid,552 Namekagon Center,3 Westridge Road,646-921-6780
Thorin,0306 Coolidge Court,2 Dixon Way,424-751-9748
Ezequiel,750 Gina Trail,599 Weeping Birch Road,879-782-1741
Annabela,1 3rd Park,8 Sauthoff Lane,387-238-7993
Barbie,090 Pepper Wood Terrace,787 Blue Bill Park Place,603-303-9300
Franni,537 Anderson Center,178 Independence Pass,907-746-5606
Kimberlyn,9993 Lerdahl Junction,57 Hollow Ridge Drive,289-375-0402
Jessa,270 Surrey Alley,19 Riverside Plaza,926-346-7728
Rob,00246 Burrows Avenue,980 Sunnyside Center,956-853-7674
Verne,8 Straubel Street,28 Lawn Place,797-879-6650
Daffie,4 Fisk Street,48984 Charing Cross Hill,395-101-7870
Myrle,121 Oak Junction,199 Logan Circle,446-384-0153
Sandye,23636 Sundown Pass,44450 Pine View Street,763-306-4233
Chariot,72 Briar Crest Park,925 Nobel Road,546-589-2109
Bevvy,66 Sachs Lane,5383 Autumn Leaf Place,534-182-6463
Thacher,4 Hintze Terrace,534 Schurz Parkway,556-471-0502
Sander,569 Merchant Parkway,329 Almo Park,791-341-2373
Derron,505 Fordem Lane,68251 Oak Way,669-959-0470
Tadio,9830 North Plaza,12 6th Hill,683-147-0724
Abigail,2452 Dwight Alley,4 Pond Alley,749-170-1660
Carolina,2 Emmet Lane,55872 Fremont Center,485-228-4022
Willyt,69152 Comanche Court,454 Veith Drive,196-311-8669
Kenon,5 Sloan Road,9 Merry Center,268-567-0634
Rem,95234 Nancy Lane,12131 Dennis Avenue,501-799-0171
Bernard,3 8th Street,82 Oxford Park,149-292-5127
Florian,5820 Barby Road,25556 Linden Hill,421-109-7317
Enrichetta,3273 Luster Drive,54405 Mccormick Drive,135-343-1020
Kinny,3 Karstens Hill,65 Dottie Parkway,207-822-7198
Malanie,9848 Oxford Lane,4189 Hoffman Place,513-860-1106
Rozina,1 Mesta Park,50 Southridge Crossing,584-889-4609
Hamilton,5763 Lakeland Hill,95270 Ridgeway Plaza,449-777-5544
Yancey,677 6th Hill,333 American Ash Lane,279-102-1458
Ave,10698 Dorton Drive,1590 Graedel Plaza,147-608-8465
Phillip,12154 Blaine Center,23648 Killdeer Crossing,458-408-3128
Jereme,6910 Evergreen Drive,43 Crest Line Avenue,953-682-9336
Marketa,04 Burrows Street,00153 Kedzie Plaza,270-186-2930
Collette,95445 Dixon Road,357 Truax Terrace,421-590-1324
Salomi,1242 Pennsylvania Alley,5001 Bowman Parkway,319-770-3479
Aaren,9010 Anthes Way,574 Jay Terrace,630-116-5831
Merissa,54564 Kenwood Road,28 Pond Park,552-234-6386
Aron,983 Schmedeman Hill,8364 Sheridan Parkway,156-410-6272
Theodora,0914 Scott Center,7861 Rockefeller Street,192-792-5680
Murdock,9242 Butterfield Drive,16 Fallview Pass,557-465-9199
Gilburt,734 Autumn Leaf Avenue,7081 Amoth Junction,829-226-2256
Jessamine,32 Amoth Circle,4 Summer Ridge Avenue,138-551-9887
Lesley,3573 Sunfield Drive,333 La Follette Place,342-540-8368
Chan,1303 Barby Point,62855 Mendota Way,802-650-7589
Inna,0 Continental Pass,77269 Blackbird Plaza,327-419-9508
Anabel,20 Nova Junction,43 Green Plaza,436-775-6962
Klemens,36 Roxbury Plaza,8 Forster Junction,743-690-8800
Laurence,75184 Londonderry Drive,5 Onsgard Point,766-819-1008
Jacquette,290 Fremont Center,9287 Bluestem Alley,261-358-5472
Kennett,6 Sage Center,704 Vernon Street,529-736-4117
Cedric,51020 Muir Point,4969 1st Circle,282-158-0354
Rog,92124 Haas Way,144 Springview Terrace,146-740-1328
Stavro,806 Blaine Drive,9266 Victoria Pass,890-790-0522
Nolly,82 Almo Road,113 American Ash Avenue,123-188-6673
Cherilynn,75886 Dennis Lane,00287 Lake View Street,354-286-1956
Livvie,5509 Truax Trail,9929 Nancy Crossing,873-355-5762
Karlen,98 Truax Way,06972 Blue Bill Park Plaza,104-401-8905
Fayette,5 Marquette Street,81 Kingsford Avenue,524-694-5136
Jere,0601 Tennessee Parkway,91 Sherman Street,425-370-7384
Alfi,15 Drewry Hill,9 Shelley Center,381-986-0063
Trix,73 Dwight Way,75537 Oriole Road,109-213-5802
Cairistiona,867 Green Ridge Parkway,806 Butterfield Terrace,793-823-9780
Vivyanne,66 Everett Crossing,33152 Arrowood Point,292-895-7788
Kort,320 Loeprich Circle,9952 Schiller Drive,182-970-4796
Hashim,9828 Mayer Park,915 Orin Point,940-558-3332
Brooke,30 Merry Park,56 Eagan Way,676-598-1622
Michele,83032 Bay Center,081 Lindbergh Trail,113-810-3915
Eddy,83 Stephen Hill,358 Hermina Alley,642-551-2030
Eamon,5993 Bayside Center,51575 Kinsman Court,822-156-1959
Rafael,1561 Arizona Center,65 Northland Avenue,670-346-7170
Xever,36 Bowman Place,1207 Fulton Pass,423-478-6410
Darrell,90 Golf View Plaza,991 Autumn Leaf Crossing,763-215-9633
Constance,30 Rusk Road,8166 Riverside Way,862-717-6603
Suzie,25361 Transport Terrace,999 Oxford Way,263-923-5134
Elwood,003 Blaine Street,3007 Thierer Junction,836-574-4248
Patty,5039 Merry Lane,52809 Londonderry Plaza,958-499-1738
Judah,102 Moulton Road,5 Comanche Road,162-316-6056
Casi,19177 Autumn Leaf Drive,01 Iowa Court,518-191-3073
Erl,9139 Dennis Circle,96 Esch Junction,853-424-5894
Minerva,079 Birchwood Lane,0755 Dennis Terrace,456-707-8510
Larina,96352 Hooker Road,67958 Raven Terrace,310-945-5564
Mabel,43 Dayton Lane,37191 Sutherland Trail,167-900-5149
Korney,29498 Warrior Drive,13161 Hagan Avenue,181-647-5070
Andy,20371 Laurel Place,778 Sycamore Park,931-930-9328
Dorita,00 Mccormick Trail,15 Grayhawk Street,484-319-4348
Elisabetta,92259 Dwight Place,94 Cherokee Plaza,265-736-9348
Devondra,75814 Ramsey Center,96 Thackeray Park,971-856-8820
Vernon,145 Merry Terrace,510 Mitchell Crossing,494-234-8155
Lorinda,7574 Jana Parkway,125 Anhalt Avenue,679-556-1526
Verine,94860 Sauthoff Trail,72118 Eliot Point,715-523-8525
Jojo,7 Melrose Place,713 Becker Way,944-541-9073
Valenka,17532 Dovetail Junction,9 Ruskin Road,871-535-6349
Hamnet,0497 Trailsway Center,70 Waubesa Terrace,794-407-6938
Inna,130 Pankratz Drive,642 Dahle Terrace,524-598-4051
Rebecca,352 Norway Maple Alley,11 Vermont Alley,823-566-7372
Toiboid,9 Meadow Ridge Crossing,9 Twin Pines Parkway,486-553-2689
Becky,28 Cody Trail,81 Hauk Center,349-705-6594
Renie,00 Vidon Park,267 Brentwood Plaza,682-799-2985
Ogdan,7 Golf View Hill,02 Bobwhite Avenue,854-332-8483
Fernando,1301 Kim Crossing,152 Bunting Plaza,145-105-7677
Jerrome,8 Hermina Trail,06760 Hudson Center,501-734-7509
Gregor,593 Sugar Junction,37 Corry Junction,965-826-8195
Darryl,38253 Harper Drive,60037 Harper Point,459-377-3435
Anabella,2 Mcbride Circle,67 Cherokee Court,618-991-1024
Braden,1 Hauk Road,201 Northridge Pass,164-857-9542
Gage,43763 Mariners Cove Place,2 David Center,257-427-4715
Ludvig,0 Stang Parkway,009 Tennyson Junction,208-749-2943
Gallard,9261 Grim Street,97078 Fallview Avenue,854-717-7434
Erick,636 Jenna Center,2 Petterle Center,903-959-7733
Martie,10178 Trailsway Terrace,4976 Westend Trail,292-405-4899
Alfred,68 Arapahoe Point,50 Talisman Street,509-398-0926
Barbe,0 Eastwood Avenue,24 Scofield Lane,509-115-5707
Ludovika,2 Ilene Park,435 Northfield Crossing,538-812-8269
Berny,3192 Anhalt Way,06 Upham Pass,434-715-6041
Mala,35 Graceland Court,2 Park Meadow Way,686-676-0851
Blaire,4340 Burrows Trail,0 Rieder Center,276-223-7249
Brenna,6849 Carpenter Alley,5 Florence Point,896-417-2264
Iggie,62760 Killdeer Drive,3 Magdeline Crossing,731-764-4230
Julius,94 Ohio Alley,4966 Jenna Pass,249-641-7279
Eleanore,01851 Atwood Avenue,51897 Lindbergh Street,446-762-9948
Chickie,9442 Dakota Trail,827 Burrows Street,310-435-8708
Marley,42 Beilfuss Terrace,582 Ridgeway Point,706-626-1482
Kit,4 Namekagon Pass,630 Pine View Street,570-170-0813
Urbano,8 Esker Avenue,22 Dayton Terrace,509-504-8409
Lucy,41 Center Center,787 Cordelia Place,346-830-0397
Antonetta,5 Del Sol Drive,47774 Crescent Oaks Drive,401-363-1584
Elyn,59 Fuller Court,3 Derek Center,893-356-3791
Yancey,28171 Aberg Point,24572 Lunder Alley,623-151-8801
Isidora,8769 Dennis Court,28656 6th Parkway,598-173-1232
Joelynn,5031 Southridge Parkway,4637 South Place,185-885-9502
Jaclin,27214 Birchwood Street,8 Schurz Street,549-577-9965
Jamey,79 Mccormick Terrace,05565 Doe Crossing Lane,192-301-7734
Standford,234 Harper Terrace,5 Monica Parkway,750-657-8544
Reinwald,7383 Ridgeview Way,92 Karstens Pass,188-548-1046
Ingelbert,7128 Dryden Hill,66 Dottie Parkway,247-929-9980
Mair,42 Bonner Trail,7705 Atwood Alley,965-289-2286
Aundrea,229 Anniversary Park,5884 Moose Terrace,237-561-9848
Deb,4054 Menomonie Terrace,2796 Moulton Way,567-854-7572
Justis,37 Rutledge Drive,69545 Lakewood Gardens Road,571-323-8648
Crichton,7 Eastwood Park,8 Kim Terrace,897-242-2459
Rogerio,1 John Wall Road,144 Swallow Hill,654-174-2433
Roanna,188 Chive Terrace,0 Bay Point,559-682-0675
Silvio,6558 David Terrace,8003 Nevada Trail,604-324-2158
Vernor,42 Blackbird Parkway,60014 East Street,367-728-7169
Lucretia,62 Westport Avenue,8292 Pankratz Place,944-746-6207
Elliott,4539 Miller Crossing,758 Eastlawn Junction,882-808-4358
Casper,218 Lotheville Drive,73565 Blackbird Hill,597-968-2431
Elwira,17161 Calypso Point,8218 Monterey Lane,975-437-5044
Koralle,29 Loftsgordon Crossing,5301 Lerdahl Plaza,496-854-4831
Deane,2204 Sloan Road,944 Vidon Road,696-897-4425
Stacy,73733 Iowa Junction,12 Veith Lane,952-242-1860
Tootsie,1 Kim Hill,105 Longview Pass,141-523-9817
Hailee,73 Fisk Plaza,9 Basil Pass,438-460-2755
Ginni,9 Miller Trail,2475 Acker Road,775-705-3230
Evanne,7643 Loeprich Point,7925 Melody Hill,478-486-5356
Verna,023 Oakridge Circle,7 Cascade Point,171-968-9411
Alexis,18933 Colorado Parkway,42938 Namekagon Avenue,746-268-0037
Christina,8 Northland Crossing,83359 Jenna Avenue,182-599-8151
Sayers,293 Green Ridge Center,119 Westridge Court,979-914-7260
Wynnie,77 Clemons Junction,9661 Heffernan Hill,473-476-8677
Audrye,56 Scoville Place,9 Carberry Crossing,795-667-0766
Guthrey,0228 Hagan Court,19789 Towne Trail,451-138-1495
Nanice,25 Ridgeview Alley,28 Rowland Point,799-257-1571
Hall,32 Parkside Plaza,157 Novick Center,250-147-4675
Melesa,8 Cottonwood Terrace,06314 Tennessee Hill,159-675-6050
Noelani,42 Service Junction,1294 Hallows Circle,339-379-3701
Ted,204 Oakridge Court,9592 Bellgrove Plaza,821-650-9537
Georg,8 Dottie Crossing,31139 Fallview Junction,704-297-9138
Aeriela,8273 Nancy Center,88713 Ryan Way,355-433-2345
Gianina,67953 Sauthoff Park,593 Cambridge Plaza,717-535-2271
Sammy,1470 Prentice Hill,453 American Park,256-432-1932
Barbe,7190 Sachtjen Trail,2355 1st Place,654-889-5560
Meade,672 Sage Park,0 Manley Avenue,494-973-2670
Perl,062 Hovde Junction,02699 Vidon Park,264-894-2206
Pearle,51482 Farragut Drive,85 Trailsway Pass,906-825-3267
Cece,64 Judy Alley,184 Dayton Alley,842-747-9626
Avram,99322 Dwight Alley,962 Coolidge Trail,179-994-6619
Franky,8 Thackeray Avenue,428 Hagan Crossing,363-780-8839
Nessi,1 Rutledge Plaza,890 Old Shore Drive,228-639-0917
Ingar,421 Center Alley,2101 6th Street,874-777-5859
Pauletta,9 Lerdahl Crossing,78 Basil Street,404-746-2574
Magdaia,096 Straubel Trail,851 Dovetail Circle,442-624-3470
Fran,4 Crescent Oaks Terrace,5007 Butterfield Road,937-731-9133
Gaile,6 Thierer Crossing,43 Briar Crest Drive,708-341-7517
Rebekah,40167 Anthes Place,4585 Forster Trail,337-677-1430
Shell,985 John Wall Pass,1 Kennedy Crossing,291-336-8667
Brigid,4672 Dexter Park,16 Leroy Street,199-788-4630
Rozamond,74 Paget Alley,2381 Sunnyside Pass,481-716-2938
Andrey,55881 Utah Street,314 Starling Plaza,932-876-2067
Fax,5497 Mcbride Park,2 Rutledge Hill,351-845-6566
Cybil,05884 Welch Street,45 8th Trail,794-727-0516
Antonella,26313 Clarendon Trail,88 Westridge Street,587-995-6736
Torey,5070 Del Sol Pass,413 Bartillon Terrace,236-338-7493
Obed,66 Main Road,51 Bowman Parkway,946-263-6023
Udall,8470 East Hill,35 Lake View Terrace,461-277-6449
Garvey,14 Kipling Pass,53146 Toban Place,923-526-7329
Gilles,95683 Manley Street,97281 Division Park,904-283-5883
Gustav,041 Stuart Road,9 Pepper Wood Circle,149-435-3319
Barret,935 Oakridge Park,57 Mayfield Hill,297-104-6120
Shana,4 Lotheville Court,1830 Scoville Circle,958-674-3410
Filia,8 Rigney Drive,941 Tennyson Point,177-562-6830
Wilmer,7 6th Trail,11068 Moose Street,277-317-0060
Ginevra,72864 Vahlen Avenue,12067 Fuller Drive,273-481-5523
Phillip,49324 Bay Parkway,62 Talisman Point,446-724-5075
Gilli,58 Loomis Point,93319 Lerdahl Point,795-880-6491
Peta,6 Southridge Crossing,5545 Maywood Way,694-289-5881
Aryn,67 Brentwood Court,4529 Ohio Trail,230-256-8288
Thelma,4 7th Circle,12 Ridgeway Parkway,222-852-1773
Avigdor,95 Waywood Circle,55 Merchant Terrace,545-149-8891
Corinna,136 Novick Lane,1866 Hoepker Place,750-215-1284
Etta,7082 Swallow Parkway,99889 Clyde Gallagher Drive,728-498-8321
Ly,0 Jenna Trail,51 Hallows Drive,219-378-7521
Lorettalorna,093 Gale Junction,3 Montana Lane,334-283-4224
Wallis,8627 Muir Crossing,5586 Dovetail Terrace,643-544-2964
Leshia,852 Tomscot Place,41 Warbler Point,762-526-4477
Benedicta,31 Annamark Park,6964 Esch Court,896-312-1448
Trace,8 Milwaukee Circle,99 Bunting Parkway,728-770-1059
Kelly,25 Clyde Gallagher Terrace,0122 Artisan Trail,191-778-8890
Salvador,2431 Morrow Place,8644 Bonner Drive,930-927-9320
Andi,6954 Riverside Road,4 Blue Bill Park Place,215-779-0240
Aurilia,6381 Clarendon Circle,9 Shopko Street,535-451-6132
Erastus,75588 Hoard Center,541 Loomis Road,909-394-7198
Joseito,54054 Merry Park,780 Porter Drive,348-720-3925
Noland,9501 Loftsgordon Place,1486 Vermont Hill,307-234-9106
Beale,07 Lerdahl Avenue,1458 Westerfield Drive,699-888-6440
Ilka,79 Mitchell Avenue,50 Oriole Avenue,426-566-6803
Ursala,1 Northland Lane,747 Mesta Alley,110-288-3159
Delmore,2 Golf Place,37 Alpine Court,926-887-0681
Dex,4 Surrey Park,4348 Elgar Center,901-815-7425
Berke,320 Becker Way,7 Karstens Park,752-405-7504
Packston,15 Merchant Drive,0 Mariners Cove Center,114-243-9947
Tabb,516 Northview Terrace,6 Knutson Lane,752-572-1471
Amandie,3709 Knutson Park,469 Brickson Park Park,590-113-2451
Sheelagh,79962 Northfield Road,1 Merchant Parkway,116-334-5454
Nicolas,0067 Calypso Way,56 Elgar Junction,649-724-7920
Tiffi,0955 Cordelia Park,83 Carioca Way,734-206-4814
Filippo,4 Goodland Trail,4 Clyde Gallagher Trail,162-938-8780
Tannie,5 Muir Pass,02 Glendale Road,880-677-1739
Benita,7787 Linden Terrace,7 North Trail,773-319-2349
Bettye,97248 Graceland Center,78 Monica Way,354-900-2515
Remus,08290 Larry Pass,287 David Drive,533-914-2871
Marj,40 Bartelt Park,9 Oakridge Terrace,335-337-9668
Lindsay,59 Trailsway Drive,7 Leroy Center,537-414-7592
Sidonia,4 Rigney Parkway,8 Sundown Court,144-862-9359
Tommie,6258 Hoepker Plaza,8 Melby Way,795-948-4430
Minta,9 Summerview Street,30 Johnson Place,912-406-7020
Sayre,953 Erie Terrace,322 Schlimgen Parkway,832-703-0882
Ignacio,3 Eastwood Street,42 Cambridge Place,821-774-7829
Clarine,397 Jackson Pass,0876 Veith Court,273-678-2302
Huntley,84 Spohn Court,3132 Toban Place,110-586-5210
Marybelle,43972 Killdeer Hill,8 Briar Crest Crossing,441-646-4620
Clari,17189 Lukken Drive,66 Del Sol Road,219-953-1436
Gherardo,0 Roth Point,6543 Del Sol Circle,905-366-9729
Charmion,19594 Northfield Alley,07 Village Trail,580-683-2492
Didi,8 Gateway Point,86587 Schmedeman Plaza,217-338-2818
Shannah,8 Twin Pines Pass,946 Katie Crossing,917-372-7205
Arne,0729 Lukken Court,0351 Arapahoe Park,923-484-4035
Mario,2 Corben Plaza,10186 Sommers Drive,727-361-3483
Kelcey,49 Porter Street,132 Lillian Street,340-395-7501
Jerrome,90726 Holy Cross Terrace,3352 Oriole Alley,728-999-8432
Daisie,06 Arizona Avenue,56252 Buell Terrace,808-635-0662
Yettie,0929 Spenser Parkway,5568 Paget Street,189-486-5639
Vanda,6 Banding Lane,8751 South Parkway,798-967-7212
Westbrook,6540 Hansons Avenue,53643 Fulton Hill,281-936-0577
Valentin,2 Holy Cross Point,7991 Glacier Hill Point,513-181-4957
Haslett,640 Miller Way,8944 Starling Place,511-420-4734
Kris,0508 Mockingbird Court,6405 Sommers Lane,371-361-9505
Corliss,77 Glacier Hill Center,2545 Fair Oaks Crossing,282-128-2989
Damien,1 Twin Pines Alley,3249 Fair Oaks Lane,194-811-5107
Clarke,12362 Lakewood Gardens Drive,46 Anderson Hill,452-224-9923
Marijo,57372 Goodland Park,487 Oneill Lane,537-318-2357
Tobias,995 Autumn Leaf Drive,74029 Tennessee Lane,687-879-0130
Tonye,65 Myrtle Pass,94 John Wall Point,955-447-7786
Lory,00 Reinke Court,406 Memorial Terrace,673-266-2170
Igor,3 Riverside Circle,61 Walton Drive,723-423-2252
Neila,49 Bayside Parkway,1422 Nelson Street,203-708-1556
Sharline,1324 Springview Way,8 Kingsford Lane,689-276-0241
Myrtia,2 Lotheville Lane,61458 Nancy Trail,118-209-9047
Ulrikaumeko,38 Londonderry Plaza,27 Jackson Trail,384-761-0375
Cariotta,6530 Vermont Center,883 Parkside Avenue,199-927-2608
Kimbell,4706 Truax Drive,24495 Hansons Lane,488-442-0217
Hashim,011 Sugar Place,38 Emmet Park,559-747-5016
Aarika,15 Buena Vista Circle,90 Clyde Gallagher Center,976-919-7175
See,88 Fieldstone Alley,8371 Hudson Center,946-551-1854
Viviana,85524 Blackbird Plaza,6229 Corry Avenue,745-360-5083
Roxana,4220 Elka Lane,4 Evergreen Circle,743-186-5366
Sherie,569 Melby Pass,52 Farragut Center,610-850-9463
Ara,40391 Express Avenue,2 Scoville Hill,184-521-0365
Kendricks,326 Emmet Court,00 Daystar Point,840-696-4574
Jemmie,194 Springview Drive,50 Hintze Point,691-871-3641
Teresa,55 Saint Paul Street,478 6th Center,166-655-3251
Stace,99084 Badeau Lane,666 5th Hill,560-150-5639
Duncan,59 Memorial Plaza,83775 Oneill Pass,922-518-7120
Elita,329 Bluestem Road,2 Porter Circle,200-905-8344
Gav,3933 Melrose Road,5 Village Green Park,425-267-4082
Aluin,9947 Burrows Court,24 Esker Lane,329-468-4428
Portia,7 Mayer Circle,6151 Fisk Avenue,690-529-8487
Iormina,000 Loeprich Way,91743 Division Drive,695-160-6705
Conan,00 Spenser Road,47 Banding Pass,180-982-3407
Rakel,62809 Gina Pass,46 Florence Avenue,840-566-6003
Crissy,75989 Charing Cross Trail,75160 Eliot Street,324-982-6795
Hanan,8601 Birchwood Hill,857 Gina Point,465-402-7170
Berthe,24 Sullivan Alley,9 Heffernan Avenue,714-113-9059
Gert,7891 School Pass,2284 Kennedy Court,639-481-1152
Nannie,5 Hoepker Trail,15 Dovetail Place,335-559-2235
Arden,0 Bartelt Drive,9 Briar Crest Plaza,440-578-4168
Sven,92895 Twin Pines Circle,893 Bunting Plaza,210-691-2821
Carlina,9817 Toban Place,1 Crowley Alley,285-895-6343
Tommy,8 Hooker Plaza,93388 Fulton Lane,165-137-9228
Homerus,0 Hermina Drive,9 Mayer Way,216-552-7647
Malissa,77 Cordelia Road,5 Stephen Lane,940-244-7536
Carilyn,53092 West Park,8 Victoria Point,508-810-0248
Rubin,7583 Merrick Junction,480 Oak Hill,974-398-6221
Sarah,5323 Derek Pass,080 Dayton Circle,874-778-6457
Dorey,3 Village Green Lane,6 Center Court,393-932-9982
Christean,74 Anhalt Way,1144 Butternut Pass,818-446-7845
Corty,650 Warbler Junction,26467 Hoepker Hill,321-149-3711
Traver,19028 Bayside Plaza,0696 Cottonwood Point,161-912-4097
Rebekah,05539 Veith Park,6330 Rusk Way,564-863-9866
Pen,7 Truax Place,86 Lakewood Gardens Lane,988-371-9437
Denys,77059 Esch Circle,3316 Farmco Center,675-987-5166
Charline,56782 Vernon Trail,50 Glendale Lane,977-611-4828
Alex,5863 Commercial Road,1840 Clyde Gallagher Street,216-861-6400
Eva,27 Dorton Plaza,1083 Pearson Alley,697-138-0430
Kynthia,04 Longview Place,1295 Morningstar Drive,137-122-4465
Anthony,4569 Emmet Center,7 North Court,530-171-3401
Nessy,108 Prairie Rose Lane,69078 Coolidge Park,180-842-5227
Darla,6 Jenna Trail,903 Kenwood Alley,982-933-6149
Nefen,11441 Jay Court,5 Banding Center,714-969-5168
Valli,1 Norway Maple Way,942 Clarendon Terrace,467-729-9983
Patrizius,6576 Golden Leaf Center,78598 Mariners Cove Lane,408-778-6534
Felizio,159 Crescent Oaks Center,4 Aberg Park,278-382-2809
Michal,6949 Norway Maple Court,7773 Victoria Place,190-840-8676
Godard,18021 Valley Edge Way,22 Rusk Circle,562-645-4842
Alon,522 Weeping Birch Drive,899 Hanover Plaza,379-134-6725
Hertha,90715 Crest Line Pass,68 Cordelia Avenue,202-441-5014
Normand,1 Aberg Lane,7465 Brentwood Trail,857-746-0120
Dru,16327 Sommers Parkway,410 Utah Avenue,538-320-7418
Laurice,21158 Arizona Alley,25543 Clove Terrace,842-803-3072
Sheff,20247 Northport Way,1474 East Circle,944-812-8353
Fanechka,9 Sherman Crossing,54828 Forest Dale Junction,134-385-8108
Nelia,05 Mayer Junction,6 Duke Junction,851-629-9591
Morlee,3139 Forest Drive,3 Melody Hill,624-947-4567
Owen,8 Hoard Terrace,5256 Carioca Drive,765-478-5117
Harbert,68 Parkside Drive,4 Beilfuss Court,109-478-3445
Hallie,42 Hermina Place,5 Atwood Point,884-168-5935
Inger,9 Memorial Plaza,528 Fallview Road,151-730-5840
Andris,806 Ohio Parkway,3642 Melrose Point,997-179-1811
Sheilah,11392 Nevada Pass,5435 Eagan Court,583-958-8585
Raynell,0694 Erie Crossing,436 Fisk Way,331-609-6543
Caspar,6590 Havey Way,68250 Dovetail Place,248-578-5464
Saloma,02 Buhler Place,9 Johnson Place,249-671-3714
Millard,261 Carpenter Point,052 Kingsford Hill,970-731-4615
Malissia,7315 Utah Terrace,36 Derek Street,867-152-6659
Obed,4150 5th Lane,639 Hayes Terrace,757-642-1238
Vivianne,6870 Lakeland Point,4 Moose Plaza,397-648-6054
Hillary,50704 Hollow Ridge Place,25196 Messerschmidt Alley,184-779-0577
Anastasie,4443 Stephen Avenue,4 Lawn Street,679-538-7104
Clair,75 Miller Plaza,913 Eastlawn Place,166-971-9765
Iorgo,69023 Thierer Avenue,87495 Scoville Street,662-602-0221
Hayes,105 Logan Avenue,01 David Alley,119-945-8750
Alex,9542 Warner Crossing,8934 Northridge Center,626-501-7898
Clywd,5976 Forest Run Street,2472 Mccormick Alley,232-987-8461
Mirilla,04786 Ramsey Park,248 Mallard Trail,606-284-6896
Angeli,896 Nobel Plaza,9954 South Drive,253-230-6985
Myrilla,85 Killdeer Junction,742 Towne Hill,394-470-5688
Layton,28705 Anniversary Court,402 Bartelt Drive,320-881-8250
Colver,3958 Helena Junction,35505 Mosinee Way,977-573-6017
Cecil,232 Farwell Trail,9425 Russell Road,461-742-5281
Saidee,4637 Columbus Hill,80 American Place,114-203-1356
Stormy,81 Arapahoe Trail,296 Twin Pines Way,250-527-6911
Lucretia,98 Jay Pass,68 Hintze Pass,296-907-1931
Constantino,323 Fisk Way,6 Holy Cross Junction,147-500-6849
Hilarius,680 Reinke Terrace,6 Butternut Street,589-417-2218
Torrence,4827 Novick Terrace,5566 Mitchell Hill,330-705-8142
Mallissa,2 Gateway Pass,3200 Brown Plaza,502-719-9682
Mervin,256 Autumn Leaf Parkway,5500 Eagan Pass,320-729-7502
Daryl,91561 Delladonna Terrace,162 Rigney Junction,733-220-6149
Louis,77968 Cottonwood Point,0750 Scofield Junction,597-944-6241
Tamqrah,64 Cody Drive,4067 Westend Street,702-963-6805
Ruthi,10 Kipling Avenue,1935 Dovetail Center,868-220-6476
Myranda,890 Eagan Circle,57540 Mccormick Plaza,864-450-2163
Garret,65 Lake View Alley,7470 Heath Drive,988-190-9807
Reinold,53905 Ilene Terrace,7817 Eagan Trail,379-549-2382
Estella,04198 New Castle Court,3674 Veith Plaza,224-396-5272
Brina,7535 Jenifer Court,6442 Jana Park,984-690-6820
Cyrus,4491 Springs Circle,9859 Cardinal Hill,332-423-1073
Harris,006 Novick Plaza,98 Harbort Plaza,538-250-3814
Kermie,2 Homewood Plaza,0 Meadow Valley Road,893-769-3714
Sammy,7 Glacier Hill Trail,77 South Plaza,581-731-0174
Bea,06414 Sutteridge Alley,61 Green Way,425-136-3091
Garrik,85 Lukken Parkway,150 Harbort Place,202-174-6897
Becca,0 Fordem Street,21 Rusk Lane,892-733-6646
Stanleigh,10004 Schlimgen Place,1696 Warrior Junction,675-135-1459
Benny,7 New Castle Junction,288 Miller Point,870-590-3628
Clarie,067 Dixon Hill,78077 Algoma Street,787-205-8418
Sarajane,6574 Arizona Point,59 Fallview Hill,938-221-4231
Dewie,32768 Texas Center,52 Texas Center,630-561-6284
Ernaline,825 Mitchell Parkway,464 Drewry Place,478-261-8887
Howey,11042 Sauthoff Park,1 Truax Trail,588-228-9602
Trix,7 Heath Terrace,109 Jenifer Way,971-122-6846
Alfredo,645 Hooker Circle,5 Ridgeview Terrace,453-328-6037
Gennie,1374 Muir Court,80 Northridge Lane,425-853-7152
Burr,067 Lerdahl Court,205 Meadow Vale Court,764-676-9891
Kary,19979 Mayfield Court,3 Bellgrove Road,247-184-4313
Rodrique,96423 Kropf Parkway,30 Grim Way,477-801-0181
Mariel,829 Basil Street,6 Nevada Alley,211-173-4434
Glenda,931 Havey Way,4 Nobel Avenue,348-184-4426
Lucita,682 Schurz Drive,5489 Wayridge Street,109-574-3629
Yasmeen,24886 International Park,30463 Summit Terrace,691-815-2683
Cirstoforo,667 Knutson Crossing,16347 Melvin Drive,365-507-8866
Beale,051 Gale Hill,747 Warrior Street,539-765-8739
Parke,456 Pond Way,0 Onsgard Park,874-960-3126
Lurline,18 Sachtjen Parkway,27719 Jenifer Plaza,360-358-4120
Marisa,82804 Sachs Crossing,895 Union Circle,254-223-7642
Gunilla,9724 Mesta Parkway,563 Coleman Crossing,168-844-4375
Shanta,14 Nobel Alley,52 Ohio Road,115-455-9332
Antonie,04123 Maple Wood Circle,87294 Warbler Alley,629-104-8149
Locke,043 Lunder Court,3430 Hintze Lane,128-553-3968
Lotti,2 Westend Drive,4056 Forest Way,896-439-1537
Jannel,459 Hoard Center,871 Tony Alley,434-266-1995
Kelbee,1390 Loftsgordon Place,66699 Bobwhite Terrace,745-465-6259
Fannie,4385 Kings Crossing,8183 Division Trail,158-526-6989
Delbert,488 Loomis Place,13 Northfield Parkway,298-241-4193
Blisse,7725 Burning Wood Terrace,4 Meadow Valley Hill,291-913-1612
Marigold,9639 Northwestern Pass,0269 Tennyson Park,811-438-8257
Dav,923 Vermont Avenue,267 Tony Lane,276-809-9525
Gregor,00120 Crest Line Terrace,327 Rowland Parkway,641-231-0187
Harriett,084 Center Alley,36 Hoard Place,876-432-9370
Jennette,50484 Manley Alley,7 Buena Vista Point,577-710-2525
Ingrim,4318 Norway Maple Hill,064 Arapahoe Parkway,917-652-5908
Lilias,69 Hoard Street,68 Debs Place,710-201-9480
Delaney,173 Acker Way,70087 Chive Plaza,435-480-9890
Sax,97 Fairfield Way,436 Lakewood Gardens Way,824-407-6393
Marlin,498 Hazelcrest Terrace,0 Mallory Point,409-807-5084
Binky,96 Delladonna Center,38 Farwell Point,585-343-2037
Humfried,401 Mallard Avenue,19391 Tennyson Pass,836-653-1970
Sissie,1413 Carberry Way,246 Truax Parkway,746-199-3021
Brice,32 Tennessee Terrace,37118 Southridge Hill,762-903-1676
Conrado,262 Delladonna Hill,89952 Knutson Center,708-287-5133
Cord,527 Westridge Road,6 Wayridge Road,365-576-7067
Kissee,05043 Sunnyside Pass,9 Washington Junction,609-965-1963
Natalie,4 Pennsylvania Parkway,7 Heffernan Center,904-437-9295
Rip,349 Norway Maple Trail,36427 Amoth Point,242-284-0503
Avery,252 Lakewood Park,04316 Towne Avenue,758-493-1919
Cookie,8 Johnson Plaza,620 Transport Plaza,417-702-2055
Creigh,73601 Manufacturers Avenue,24 Maryland Hill,376-351-8232
Isadore,16052 Sommers Circle,66176 Sunbrook Circle,468-519-0405
Verile,43 Autumn Leaf Circle,32475 Bay Point,494-256-0029
Ernest,11 Ronald Regan Lane,5 Marquette Park,241-242-6097
Cletus,8147 Vermont Hill,9541 Pierstorff Avenue,377-935-9707
Marietta,68365 South Drive,34280 Oakridge Way,880-470-1829
Margette,22663 Grasskamp Center,88 Oneill Court,180-627-9222
Kandy,8478 Cherokee Place,53 Larry Way,639-688-3763
Andre,60 Montana Center,338 Norway Maple Circle,307-234-1789
Montague,7 Arrowood Terrace,9 Riverside Way,135-863-8138
Wilton,59277 Green Trail,595 Rowland Street,356-860-6351
Bennie,061 Doe Crossing Road,3 Killdeer Terrace,982-995-9184
Hermina,0 Delaware Place,4430 Eastwood Center,751-219-2172
Jany,3 Vermont Trail,49968 Summit Trail,399-714-7387
Reina,5249 Old Shore Crossing,699 Nancy Center,903-849-3610
Ardella,62 Luster Alley,067 John Wall Drive,970-523-3934
Gilburt,80 Oak Hill,79 Elgar Circle,620-412-6156
Winny,26543 Bultman Center,5 Bonner Lane,212-607-4075
Barbra,89 Southridge Hill,5922 Coleman Hill,899-253-9536
Hedy,1708 Hoepker Pass,03985 Blackbird Avenue,733-994-6842
Cicily,9649 Fieldstone Pass,12 Park Meadow Place,469-962-6307
Karoline,1216 Menomonie Place,671 Bartillon Alley,215-388-1253
Lionel,05 Eastwood Avenue,980 Heffernan Way,259-980-9005
Fionnula,89110 Lyons Park,98 Ilene Point,731-533-5167
Leicester,761 Hanson Park,497 Buena Vista Pass,242-919-8718
Bealle,7914 Rowland Alley,2 Milwaukee Lane,187-404-2341
Tynan,4 Hagan Drive,4699 Almo Parkway,854-478-9631
Thom,32 Esker Hill,0122 Starling Hill,487-255-3715
Moll,10641 Barnett Hill,0 Meadow Vale Drive,304-511-0764
Aeriell,1 Crescent Oaks Point,534 Brown Court,245-447-9179
Nikaniki,8 Valley Edge Road,201 Dryden Avenue,573-331-0116
Mirna,119 Burrows Terrace,78216 Warner Place,742-617-4673
Tami,94 Daystar Plaza,894 Debs Center,275-228-3759
Perrine,9305 Canary Place,95062 Warrior Park,528-281-6301
Celine,89804 Farwell Drive,36729 Toban Terrace,151-242-9788
Lolly,14 Leroy Road,509 Crescent Oaks Park,522-717-8103
Moira,68531 American Ash Center,78 Farmco Trail,201-325-0464
Skippy,9 Crownhardt Park,300 Pierstorff Point,830-173-2319
Weidar,65 Grasskamp Lane,39211 Becker Pass,722-854-0485
Drew,2622 Surrey Place,4255 Rockefeller Park,621-623-5481
Ulrich,7936 Columbus Drive,854 Moose Parkway,381-661-7459
Denis,40484 Pepper Wood Trail,5 International Alley,637-579-3535
Antone,2915 Spohn Center,82 Blue Bill Park Lane,971-408-9098
Lynett,37 Arapahoe Road,13125 Troy Drive,194-603-7184
Perice,30 Manley Avenue,5 Maple Wood Avenue,304-601-5888
Farrel,387 Ruskin Park,6861 Londonderry Point,846-280-7225
Gennie,8 West Crossing,7245 Orin Alley,181-721-5843
Julius,0 Dovetail Road,54 Forster Terrace,903-263-5330
Ferrell,33 Mcbride Trail,76 Alpine Center,446-760-6088
Ellswerth,3 Heffernan Avenue,0062 Dexter Court,988-256-1126
Cosme,6008 Amoth Hill,12801 Eagan Lane,642-266-6366
Nappie,085 Waubesa Crossing,223 Anthes Avenue,133-547-9213
Codee,90 Milwaukee Parkway,18 Stang Drive,745-911-2112
Lucila,013 Huxley Terrace,181 Summerview Street,609-230-1178
Renee,54 Oakridge Terrace,5 Arkansas Junction,645-822-6183
Saunder,93 Del Mar Hill,16 Union Hill,240-173-7508
Mathilda,2092 Lindbergh Park,3751 Larry Court,352-264-6353
Nobe,6 Hermina Place,45510 Hudson Way,597-693-0689
Laurella,41 Dwight Street,3 Westridge Crossing,678-505-3377
Crin,4114 Towne Street,9 Welch Way,315-589-9462
Sylvia,86 Scofield Junction,68 Browning Pass,228-821-7382
Willem,05 Ludington Park,696 Carberry Alley,999-368-6363
Parnell,432 Fairview Place,931 Magdeline Road,861-339-1288
Donny,373 Bunker Hill Trail,07 Pierstorff Circle,202-103-1245
Elsi,30 Meadow Ridge Road,5441 Debra Crossing,437-265-8450
Max,7 Manley Junction,2 Waxwing Trail,133-658-1474
Marion,3 Lillian Street,0 Carberry Hill,477-252-4541
Robinet,2810 6th Circle,34281 Sunfield Center,246-111-4031
Gweneth,153 Emmet Park,0 Roxbury Street,474-278-2877
Jehu,9885 Green Avenue,5247 Leroy Alley,695-877-5684
Ivory,892 Loftsgordon Circle,51662 Bay Road,853-549-3780
Leonard,92561 Annamark Terrace,90468 Cambridge Park,769-247-5806
Gilberte,3 Fisk Place,837 Muir Terrace,381-326-9047
Laryssa,01168 Dapin Trail,5 Reindahl Terrace,812-391-5832
Ainsley,780 Waubesa Hill,271 Dennis Parkway,193-970-1974
Ermentrude,2292 Huxley Drive,1 Ryan Center,606-445-0253
Joline,339 Petterle Junction,8 Surrey Terrace,525-650-1434
Martynne,6 Ruskin Trail,524 Hooker Terrace,190-680-2358
Julienne,07 Bartillon Pass,210 Esker Pass,840-581-1830
Erin,4744 Lakewood Junction,8 Havey Trail,236-654-5811
Katleen,15583 Stang Terrace,962 Sutteridge Park,823-148-8564
Esta,26 Gale Lane,97118 Portage Hill,935-715-2286
Mile,1 Parkside Plaza,838 Gateway Court,696-530-3442
Corrie,14 Laurel Street,21 Farmco Street,845-666-8419
Tomas,70660 Hudson Junction,54 Lighthouse Bay Road,267-107-6320
Sherman,40854 Bluestem Court,2 Memorial Trail,617-940-7713
Garrott,3 Vermont Crossing,8 Bartelt Pass,405-751-7611
Shela,66 Veith Crossing,22352 Fallview Place,717-788-9650
Andree,8 Butternut Lane,10 Anniversary Road,858-748-9436
Fabe,851 Surrey Court,6912 Columbus Plaza,824-699-1655
Katy,9608 Hoepker Junction,5 Brentwood Hill,128-823-9876
Olvan,32 Vernon Road,99 Toban Parkway,925-580-7166
Gladi,348 Sherman Street,53198 Fieldstone Parkway,259-844-7843
Sophi,1 Stoughton Plaza,14481 Troy Road,877-457-2524
Jasper,2585 Debra Avenue,5766 Hanover Street,321-240-6638
Idalia,8184 Hanson Lane,4 Loeprich Road,284-943-3505
Dorice,81 Lien Street,41853 Iowa Circle,271-917-7603
Ronnie,66661 Rigney Hill,13 Anhalt Point,937-199-4411
Eddy,0 Pierstorff Crossing,0344 Mifflin Point,967-388-5392
Andrei,10786 Londonderry Circle,4 Fallview Lane,673-745-2544
Andrew,70 Petterle Street,85 Glacier Hill Way,489-740-4263
Hector,202 Sauthoff Avenue,496 Mifflin Center,701-450-6265
Lyell,05 Longview Junction,4504 Jana Lane,335-230-2383
Ronnie,162 Gerald Circle,06270 Prentice Circle,964-130-5004
Gwenette,483 Burning Wood Street,9 Claremont Junction,266-633-9709
Eddie,046 Crowley Avenue,9440 Lakeland Way,573-863-2060
Donnajean,37 Surrey Place,9722 Namekagon Circle,916-750-2629
Grazia,73 Summerview Trail,28 Victoria Road,694-615-6148
Shelia,6523 Garrison Point,31 4th Point,127-690-5048
Vivyan,3 Burning Wood Terrace,4522 Lunder Alley,215-188-3183
Abby,04 Maryland Plaza,7111 Maywood Point,689-818-4039
Harwell,4 Knutson Place,663 Iowa Hill,219-273-7920
Dore,9 Sommers Court,271 Westend Trail,518-216-7539
Lainey,17685 Red Cloud Terrace,3 Cody Park,647-396-1520
Darcie,4 Cascade Trail,1 Autumn Leaf Place,420-368-1225
Nikolos,53124 Birchwood Terrace,6 Loomis Lane,534-137-8555
Avis,78 Vermont Road,2759 Helena Alley,560-956-3540
Salmon,7403 Bellgrove Road,5672 Longview Drive,812-414-7989
Rogerio,4577 Fieldstone Point,6 Quincy Crossing,971-601-6083
Ileana,19 Ludington Point,60220 Sauthoff Plaza,317-789-9710
Odette,892 Kingsford Junction,4638 Michigan Trail,265-208-1878
Cleo,4 Brickson Park Lane,0 East Pass,454-211-2191
Brnaba,6857 Alpine Avenue,5783 Cardinal Hill,148-282-3714
Lucais,7 Raven Circle,99 Anderson Junction,786-796-2691
Orly,4088 Sommers Court,02 American Junction,782-772-5461
Jacki,3087 Michigan Way,8 Summerview Park,577-885-9831
Daphna,2 Kenwood Court,94 Lotheville Way,257-445-7317
Reamonn,18 Homewood Drive,47561 Rockefeller Hill,774-417-2545
Zacharias,1891 Hagan Drive,00 Lakeland Pass,111-468-9403
Barbra,99 Dennis Trail,410 Bobwhite Street,748-482-1534
Ramona,3583 Waubesa Street,2 Bartelt Place,188-992-6109
Matelda,6 Stone Corner Point,835 Talmadge Plaza,551-362-9918
Sylas,5703 Thierer Pass,182 Petterle Drive,930-106-6647
Emelyne,2 American Way,55929 Crescent Oaks Center,183-233-5917
Demetre,53873 Forster Court,6620 Claremont Park,127-485-7585
Eadie,1086 Schlimgen Point,5 Clemons Junction,423-541-8120
Miner,5 Green Ridge Alley,0597 Westerfield Junction,500-925-7869
Vance,5638 Karstens Court,47 Basil Court,211-208-2270
Wolfy,8 Sunbrook Point,00075 Glendale Circle,314-452-2891
Peg,869 Goodland Center,86171 School Plaza,534-570-1366
Abra,0 Heffernan Crossing,2860 Florence Avenue,365-419-5189
Edgar,9825 Express Lane,116 Luster Point,635-528-4262
Barrett,0 Oneill Terrace,146 Fair Oaks Place,734-775-4551
Constantine,5 Porter Center,572 Evergreen Hill,703-855-4330
Gard,5 Lake View Terrace,34 Esch Plaza,551-846-2550
Alley,5538 Cambridge Terrace,298 Comanche Road,959-839-0858
Susannah,60 Mcguire Way,5588 Myrtle Crossing,359-626-8622
Tabatha,392 Cardinal Trail,6 Ludington Hill,108-890-0529
Natalie,05434 Northfield Terrace,66729 Carioca Place,732-131-6579
Rhea,2 Hauk Hill,661 Maple Court,433-185-3269
Adrien,09961 Mallory Court,423 Crescent Oaks Way,780-669-3626
Carleton,5 American Lane,3 Bluestem Terrace,436-329-6587
Kilian,694 Veith Pass,02 Weeping Birch Trail,578-755-9977
Royall,50129 Corry Drive,40466 Bartelt Plaza,270-849-1087
Cedric,23945 Talisman Pass,1 Mitchell Trail,694-831-7868
Babbie,21211 Utah Hill,3 Kropf Trail,492-858-4022
Isaak,9 Claremont Point,88 Washington Avenue,808-560-7382
Hermine,35840 Acker Drive,4512 Fallview Circle,636-467-4471
Beaufort,14639 Helena Street,82 Hauk Plaza,960-451-8164
Leta,995 Hoard Road,38 Stoughton Court,823-813-9410
Bronnie,3 Paget Center,66211 Annamark Way,627-623-5838
Phylis,95332 Golden Leaf Place,092 Meadow Ridge Parkway,749-533-7961
Dru,588 Melby Circle,89233 Mayfield Parkway,770-282-0951
Kerry,9148 Chive Junction,0735 Riverside Crossing,398-655-4644
Ruby,8481 Ridgeway Hill,33 Schurz Plaza,343-592-5289
Eula,0011 Bultman Point,7137 Knutson Street,972-995-4903
Calli,718 Swallow Road,705 Maryland Crossing,648-607-8887
Leonard,9 Bay Terrace,5464 Green Alley,798-913-8123
Nanice,3653 Lunder Terrace,75 Lakeland Circle,671-229-4771
Janet,3679 Stone Corner Circle,19 Kennedy Road,699-228-5309
Dee dee,50 Moland Plaza,6 Thierer Plaza,677-726-9266
Kerr,9489 Grim Plaza,8 American Ash Trail,666-721-6102
Marika,4 Pond Circle,3 Lindbergh Place,209-357-3316
Stacy,3000 Kingsford Crossing,92 Kropf Terrace,163-330-4132
Kevan,30297 Hayes Trail,96688 Jay Hill,584-998-4916
Carine,3 Fisk Lane,5 Longview Point,606-957-7948
Catlin,949 Namekagon Junction,11672 Coleman Way,247-330-1286
Leola,52476 Clarendon Hill,65465 Warrior Point,173-576-5652
Nikolaus,5419 Thierer Drive,9 Eastwood Plaza,281-424-0772
Cheryl,06 Springview Terrace,434 Northridge Road,249-465-4118
Cassi,0 Village Green Parkway,4703 Marquette Road,476-344-5945
Gradeigh,7 Myrtle Park,96 Rowland Trail,895-196-6434
Mersey,7 Kedzie Circle,26 Shelley Pass,613-523-2783
Theresina,3897 Kenwood Center,3873 Ilene Lane,248-781-4475
Arlee,65440 Holy Cross Circle,70082 Katie Place,495-909-0788
Tull,78122 Leroy Junction,98322 Gateway Way,102-956-9974
Paxon,50 Forest Dale Parkway,5555 Roxbury Junction,872-237-9816
Kellyann,58 Upham Junction,5 Northland Plaza,602-975-3820
Wat,76 8th Way,4 Hollow Ridge Drive,628-654-7766
Ashli,6 Loeprich Alley,1 West Crossing,255-570-5693
Aileen,69420 Sauthoff Park,52205 Gerald Avenue,633-328-8952
Leonid,09920 Derek Way,6 Iowa Parkway,158-513-7605
Marquita,558 Boyd Plaza,46 Karstens Avenue,721-608-3412
Arturo,83050 Dixon Circle,13617 Onsgard Terrace,375-631-1510
Paul,70739 Prairie Rose Court,7385 Forster Way,981-615-5611
Florencia,860 Briar Crest Pass,610 Weeping Birch Alley,786-802-0085
Bell,806 Bayside Plaza,103 Bunker Hill Court,652-290-2438
Miquela,67324 Victoria Place,6 Maple Wood Court,843-518-6305
Chrysa,48724 Dahle Court,9637 Sherman Circle,178-932-2153
Chic,9 Corscot Court,70104 Menomonie Parkway,213-174-3837
Ringo,20 Mallard Pass,57304 Esker Road,914-862-9314
Fayre,99 School Road,69 School Avenue,249-729-0672
Hermione,162 Talmadge Avenue,61787 Garrison Center,303-244-3318
Sela,0 Oak Trail,164 Morrow Junction,743-526-5185
Meggy,5730 Vernon Avenue,2123 Petterle Circle,241-503-0010
Norris,22041 Iowa Pass,2 Express Court,252-380-3150
Cointon,2 Little Fleur Avenue,892 Lakewood Gardens Parkway,497-379-9057
Gerrie,63342 Twin Pines Road,50 Westerfield Drive,863-865-7109
Colver,6416 Elmside Drive,6600 Grayhawk Crossing,950-712-9108
Lydia,55 Manufacturers Trail,8010 Maple Pass,123-727-3734
Valida,35443 Maple Wood Court,8522 Haas Point,506-627-6886
Marena,7 Mcguire Circle,511 Blackbird Hill,966-441-8840
Carver,2 Tennessee Park,1908 Southridge Way,532-929-7868
Cherry,657 Kinsman Way,980 Di Loreto Hill,578-250-6057
Catha,6161 Anthes Plaza,629 Moland Crossing,482-796-9968
Wallie,587 Sunnyside Trail,5993 Northfield Circle,468-974-0916
Georgiana,54 Mesta Street,3059 Jenna Parkway,176-157-0890
Waneta,70 Gateway Alley,8 Helena Trail,693-958-0031
Ortensia,4 Judy Terrace,51418 Sutherland Alley,621-362-6509
Rea,48282 Chive Lane,15 Namekagon Alley,588-693-8315
Charin,1967 Chinook Junction,9 Holmberg Court,496-387-5743
Dionysus,88569 Anzinger Circle,298 Maple Wood Lane,525-852-0458
Isadora,955 New Castle Parkway,1535 Lerdahl Alley,235-921-8758
Bail,862 Canary Alley,86 Gulseth Street,622-897-1030
Elyssa,15 Mosinee Alley,63 Maywood Parkway,478-392-6536
Corilla,3788 Independence Way,06048 Brickson Park Alley,549-184-9814
Millisent,7 Stang Lane,212 Center Parkway,711-239-2802
Minette,839 Everett Court,497 Anzinger Alley,247-798-4325
Kellia,09 Mallard Alley,549 Karstens Park,766-254-6781
Godiva,4341 Dayton Pass,5301 8th Road,436-381-4097
Mendel,6369 Carioca Drive,37 Ridgeview Trail,665-580-8472
Cecil,57046 Calypso Terrace,0 Graedel Court,546-262-2206
Wolf,79 Hazelcrest Pass,681 Westerfield Crossing,151-564-3016
Deeann,3 Portage Circle,37 Artisan Junction,976-162-6239
Bernarr,66 Rigney Park,9 Harbort Circle,268-417-4057
Tresa,74785 Myrtle Alley,5 Crownhardt Park,874-816-6669
Tansy,588 Springs Alley,0 Oxford Drive,797-506-9258
Milton,42 Surrey Junction,4 Pennsylvania Avenue,300-534-0071
Taddeusz,523 Twin Pines Way,60261 Wayridge Center,828-251-2224
Fernande,49 Havey Park,5243 Ilene Point,313-537-3527
Jeannie,0 Sachtjen Road,944 Kropf Court,329-185-8147
Lottie,1772 International Parkway,57206 Gulseth Circle,388-124-7076
Meghan,9982 Lakeland Street,80842 Evergreen Pass,918-377-7359
Ame,8 Harbort Center,50256 Mayer Junction,748-727-1053
Amory,3720 Sommers Avenue,686 Northview Junction,254-770-9134
Cyndy,73679 Fairfield Terrace,80 Commercial Hill,939-471-3549
Georgie,6 Burrows Parkway,60859 Moland Point,516-835-5418
Marita,24 West Park,76 Dovetail Lane,881-131-1226
Ashien,55648 David Crossing,7 Loeprich Alley,193-346-6941
Deane,381 Eastlawn Court,3352 Springview Avenue,156-683-5431
Ezechiel,527 Jana Center,5320 Coleman Street,516-143-7419
Eleni,68 Rusk Avenue,444 Glendale Court,558-631-4636
Jessamyn,60 Pepper Wood Court,1647 Pearson Terrace,438-109-5778
Eduino,74480 Jana Place,434 Thackeray Way,226-209-1393
Arlette,561 Valley Edge Pass,6692 Del Mar Lane,351-753-5215
Netta,8 Utah Crossing,8 Schmedeman Alley,279-538-0677
Silvanus,1994 Oak Valley Terrace,858 Chive Circle,781-998-7036
Terry,3532 Stang Terrace,872 Lakewood Parkway,633-797-7781
Hilliary,7050 Westridge Parkway,16 Basil Alley,141-112-7460
Bailey,29313 Ohio Lane,383 Ronald Regan Alley,408-767-1680
Swen,5 Lien Hill,956 Comanche Trail,198-458-9388
Maggy,373 Miller Place,13917 Forest Plaza,447-516-3673
Cordie,590 Everett Way,1 7th Center,877-254-1974
Rochester,9 Loomis Road,4 Blue Bill Park Junction,343-253-5404
Timotheus,6 Meadow Ridge Plaza,1 Monterey Crossing,969-894-6771
Werner,74529 Steensland Parkway,803 Meadow Valley Road,281-416-7034
Babs,462 Memorial Park,887 Muir Center,928-125-8915
Chrisy,6 Mosinee Drive,5 Schmedeman Parkway,197-868-4557
Loren,2111 Rigney Way,42 Cody Park,509-421-3130
Fawne,70 Wayridge Parkway,55 Stone Corner Point,400-880-2107
Sully,3 Lyons Circle,9 Cambridge Alley,859-517-6887
Shayna,30 Jay Center,27 Magdeline Terrace,621-499-3341
Arty,574 Warner Terrace,59 Mariners Cove Court,563-376-2767
Ursuline,411 Waywood Avenue,36631 Dapin Way,258-677-1918
Dela,9 Transport Alley,5 Reindahl Point,120-568-6988
Cooper,89010 Kinsman Plaza,4 Arizona Court,855-259-9336
Broddie,02482 Linden Circle,91074 Longview Point,996-983-7670
Viviene,6 Marquette Way,38 Daystar Plaza,761-857-1673
Berri,3 Huxley Road,71 Norway Maple Terrace,509-257-1905
Loreen,4899 Village Junction,8 Fairfield Pass,768-152-6329
Ellary,25086 Westend Trail,6 Prentice Junction,963-508-2727
Brigg,073 Fieldstone Park,57 Hooker Park,303-597-8726
Wyatan,26911 Golf Course Alley,99 Bayside Lane,571-828-6626
Koenraad,1746 Warbler Road,3011 1st Place,805-256-1342
Ambrosius,42 Sunnyside Point,4069 North Parkway,878-757-9744
Simone,6583 Buell Place,26 Haas Junction,724-876-9813
Rupert,96 8th Parkway,72680 Menomonie Street,319-693-5821
Loy,31 Eagan Park,329 Gina Circle,562-482-2759
Avictor,687 Stuart Court,21695 Transport Place,549-319-2032
Lola,8052 Hoard Way,527 Oak Valley Way,335-911-9602
Alana,19536 Manufacturers Center,0 Milwaukee Terrace,727-800-3345
Leshia,53 Center Road,61 Kim Point,477-776-9888
Saxon,9467 Bunting Trail,68296 Pleasure Hill,575-204-3319
Giffard,45 Sage Place,11 Esch Park,400-876-2261
Max,0 Clove Lane,77864 Surrey Terrace,704-884-4788
Lauri,37 Petterle Junction,7048 International Parkway,999-145-2432
Hugh,09383 Arapahoe Place,43760 Blaine Circle,156-407-1512
Jamie,64 Moland Hill,4004 2nd Terrace,664-830-9517
Maribelle,18320 Nova Pass,932 Waxwing Place,821-816-0827
Dusty,3456 Fordem Hill,706 Fulton Avenue,738-556-3632
Chad,094 Toban Park,9 Surrey Street,729-620-8326
Fannie,7 Lake View Street,2580 John Wall Drive,957-290-2349
Kincaid,1 Mayer Crossing,10 Eggendart Court,869-388-5136
Hendrik,3 Sage Place,951 Dottie Road,236-240-9016
Caril,99960 Rieder Park,592 Nova Lane,857-980-9173
Erasmus,9 Blackbird Street,97313 Gina Pass,461-678-6014
Gavra,31 Alpine Plaza,47501 Carpenter Pass,630-194-9881
Bennie,9 Mallory Alley,8519 Mesta Lane,715-558-5003
Emera,8 Transport Drive,50 Westerfield Drive,374-142-8068
Saul,29708 Merchant Place,06915 Blackbird Road,983-460-8074
Scottie,744 Bluestem Avenue,9 Melvin Plaza,621-495-5867
Kane,394 Crowley Crossing,7903 Golf Pass,178-544-2231
Gian,1650 Heath Parkway,521 Hallows Avenue,832-981-0813
Gabriela,02866 Sachs Plaza,329 South Place,385-840-4663
Westbrook,70228 Fieldstone Park,22714 Spaight Trail,626-197-3442
Aggi,8 Corscot Hill,98840 Crest Line Place,721-773-8901
Francyne,91581 Schmedeman Hill,965 Golf Avenue,289-834-9541
Royal,6284 Shasta Plaza,815 Norway Maple Alley,164-600-1531
Bettine,1599 Hovde Drive,84 Trailsway Court,197-786-3447
Gregoire,0 Hudson Way,22627 Raven Pass,878-738-9979
Eolanda,80250 Trailsway Court,6 Killdeer Circle,651-773-8108
Ewart,76 Surrey Terrace,37222 Arkansas Crossing,134-386-8914
Willy,0601 Spaight Way,6 Novick Alley,574-994-7452
Humphrey,914 Arizona Place,59055 Autumn Leaf Way,229-153-0333
Thorvald,189 Katie Alley,664 Anderson Avenue,736-885-9733
Gunar,25 Kinsman Hill,9 Everett Junction,902-162-6391
Aleta,2 Barnett Drive,7949 Prairie Rose Pass,624-949-6436
Mal,10064 Garrison Park,4 Talmadge Lane,829-594-1478
Rab,79175 Springs Drive,33 Ohio Center,973-736-4239
Rivi,2 Mesta Lane,2 Sloan Hill,152-373-5802
Anica,4 Huxley Plaza,1888 1st Place,355-605-2865
Nonna,9 Morningstar Avenue,021 Susan Street,214-150-5774
Jelene,78221 Hollow Ridge Circle,96 Utah Junction,316-798-6631
Shaylah,87 Loeprich Point,39 Morningstar Center,683-789-9380
Yank,121 Dawn Hill,035 Knutson Terrace,791-342-0329
Sibbie,46 Sloan Pass,8 Blue Bill Park Junction,217-898-5377
Blair,94928 Mallard Circle,53091 Graceland Alley,368-285-3038
Tobias,2 Petterle Way,3 Dakota Circle,128-668-1707
Bartholomew,9662 Bunker Hill Trail,8970 Anderson Parkway,675-715-9773
Ira,83 Lawn Center,79493 Darwin Circle,631-279-7047
Brynna,33419 Ohio Hill,96 Anhalt Plaza,400-189-8712
Elita,8 Northwestern Drive,285 Dayton Point,306-896-2696
Birgit,468 Dunning Crossing,77004 Bonner Trail,115-825-5685
Darbee,155 Laurel Court,68909 Merry Avenue,128-828-7335
Ingeborg,885 Ryan Place,3671 Ludington Way,531-903-8755
Clara,2361 Bartelt Park,0 Oxford Parkway,333-595-5013
Rozella,058 Packers Pass,850 Forest Way,984-289-0306
Thurstan,4044 Raven Parkway,4319 Burning Wood Parkway,666-523-5836
Yank,2 Brentwood Alley,96 Pleasure Park,830-962-3504
Sarita,5027 Arizona Alley,3 American Ash Court,562-706-5405
Sibelle,40 Lindbergh Terrace,8809 Golf Course Hill,794-662-7293
Nikkie,13 Ridgeview Hill,39 Katie Place,398-245-2924
Olivette,8519 Mcguire Plaza,55445 Reinke Place,940-191-0568
Prentiss,2041 Bunker Hill Circle,7 Buena Vista Terrace,686-839-4099
Heinrik,11649 Alpine Street,0 Eagan Park,437-331-3594
Jeremie,674 Coleman Hill,4 Sunfield Alley,777-708-7708
Nat,39 Crownhardt Terrace,5 Toban Point,185-201-4245
Andrea,17 Pennsylvania Alley,86 Moland Avenue,836-232-7611
Ashlin,2138 Shoshone Way,8 Goodland Terrace,253-567-1047
Huntlee,34 Moose Circle,1 Welch Trail,203-994-4509
Aloise,18 Blue Bill Park Lane,233 Oak Junction,240-828-7508
Jere,48912 Redwing Street,84108 Stoughton Parkway,973-338-2253
Kim,2 Emmet Point,672 Dahle Junction,755-377-4893
Guenevere,8067 Carey Park,961 Mcbride Place,254-894-4389
Correy,600 Weeping Birch Junction,91699 Trailsway Place,623-490-7577
Theresa,1 Daystar Circle,8 Sheridan Terrace,209-314-6788
Wallas,279 Springview Place,83863 Clove Alley,469-344-1226
Anton,5745 Bobwhite Avenue,1 Pankratz Place,302-323-4385
Pegeen,22 Cody Junction,469 Lukken Pass,501-137-7279
Jake,68 Laurel Terrace,0 2nd Center,169-477-8628
Arlee,4878 Lien Avenue,3946 Debs Alley,225-452-3759
Troy,5538 Cambridge Street,831 Holmberg Plaza,232-309-4034
Reggy,0072 6th Lane,727 Summer Ridge Avenue,922-111-9958
Todd,45 Spohn Junction,688 Shelley Avenue,313-470-6756
Stanton,8 Rutledge Center,29 High Crossing Parkway,451-399-7642
Madel,28755 Vahlen Lane,2 Declaration Court,438-886-0220
Miquela,4393 Hermina Terrace,696 Stang Hill,519-828-6178
Nerty,36 Prairieview Drive,98015 Mcguire Point,857-238-5031
Allie,812 Warner Road,16970 Bultman Center,474-297-0745
Jeni,6105 Anzinger Junction,18168 Northview Terrace,452-925-6983
Mohandas,4 Hoffman Trail,80175 Sugar Terrace,490-523-0868
Sara-ann,3963 Mayer Road,994 Lyons Avenue,424-893-5868
Annora,5288 Corben Plaza,48465 Caliangt Alley,796-123-2004
Joly,309 Walton Avenue,97508 Almo Junction,742-785-3448
Karola,8820 7th Terrace,97 Graceland Point,266-153-9403
Maxim,10935 Gina Drive,7 Hagan Hill,107-186-2536
Ines,978 Roxbury Pass,88 Logan Center,468-507-5624
Ame,6 Carioca Plaza,5517 American Ash Plaza,430-592-1463
Polly,03221 Fremont Road,99954 Marquette Avenue,524-648-7829
Bondie,52130 East Center,2526 Nevada Point,485-607-6812
Codie,5 Manitowish Trail,2 Logan Crossing,880-445-1390
Haywood,67 Mandrake Court,840 Spaight Street,297-187-5420
Bax,0 Arrowood Alley,500 Haas Parkway,798-632-4513
Lockwood,9 Scoville Street,611 Straubel Place,205-653-8415
Malia,3765 Oneill Court,49 Onsgard Hill,855-914-0678
